,sent_bank_7d,abs_ret_t+1
sent_bank_7d,1.0,0.04636197064892382
abs_ret_t+1,0.04636197064892382,1.0
